IPAddress,confirmation_code
IP Address,confirmation_code
"{""ImportId"":""ipAddress""}","{""ImportId"":""confirmation_code""}"
173.18.244.80,98675439
68.97.235.108,77773326
67.85.106.229,22658513
73.25.38.146,77154026
198.160.134.100,40185426
196.53.44.236,95212440
142.129.109.174,15738613
66.25.58.149,28224587
24.129.2.91,54132469
173.173.79.165,64844878
72.228.42.128,77026244
104.3.176.117,28862568
98.220.50.99,95763486
73.150.225.69,21326075
199.244.49.67,37825553
104.52.25.66,58690210
68.131.11.228,11886994
157.182.121.185,54636982
83.132.255.97,67690407
208.100.186.45,53391810
199.244.50.172,70011416
173.173.207.122,60037865
45.23.155.197,90441003
65.101.250.228,39452583
73.136.153.45,59332048
198.24.30.133,58783600
68.187.170.54,85657835
69.141.198.1,46290377
73.45.98.197,29025459
99.186.50.182,49028490
66.25.58.149,81431775
142.129.109.174,68283367
71.120.84.21,17103515
67.253.96.35,380433668
174.34.164.124,73548060
72.185.154.63,373148541
24.21.67.221,463462509
143.207.14.96,476357436
108.65.208.253,821939259
173.168.6.120,377590189
69.244.19.98,682016506
68.185.239.53,218046889
107.143.130.67,630941097
73.152.168.250,457490864
199.27.255.189,318402402
24.139.88.182,217214469
70.176.153.174,978072621
73.212.201.206,968235066
107.77.173.2,301675071
71.54.96.216,763842838
45.27.232.55,560765497
70.174.94.152,489328536
24.148.94.178,521176306
65.33.237.11,966871590
199.244.49.67,844827400
69.47.241.212,281807026
103.66.79.71,620698164
67.85.106.229,392190732
73.39.40.216,815008537
73.81.153.108,498571292
52.144.44.250,611784317
47.34.35.68,975676688
173.10.74.81,488421025
71.246.236.216,546314221
76.217.129.76,887049032
142.129.109.174,106754439
71.198.227.11,876865780
73.19.130.68,169045223
177.237.19.21,643735154
24.185.126.172,148948156
72.190.112.43,227219124
162.194.132.141,120413329
66.25.58.149,841752521
73.85.140.18,466022546
68.110.212.184,522369239
198.24.30.133,505032838
107.13.131.218,349593481
157.182.121.185,722126639
73.192.27.97,249979985
209.37.105.2,530422626
83.132.255.97,232890952
71.197.116.253,239988008
73.177.242.89,864420722
69.9.56.247,884107701
73.23.153.157,524261277
68.51.57.216,142190413
98.101.111.14,181955471
67.182.87.91,256812118
75.138.75.152,551025263
67.182.87.91,536921808
64.150.5.34,782669578
68.2.101.37,471651901
108.212.177.49,221167372
107.204.201.212,630215118
195.21.136.161,638744714
24.102.157.57,651939800
75.20.148.196,328146588
67.198.44.90,338575414
38.77.17.254,477473491
198.22.162.103,356814804
104.35.149.242,730238991
73.253.194.108,232179255
24.126.103.16,185978407
73.26.59.176,795432664
136.63.92.248,263201850
69.116.148.155,415092673
66.69.243.166,413244332
68.36.215.223,574433822
104.172.111.88,531274463
173.72.79.153,564335909
96.242.50.187,210570143
70.44.79.119,776781811
107.77.199.91,957642259
174.60.201.41,471717393
68.134.64.44,687454389
172.5.83.226,766884057
73.246.83.194,807911911
99.115.47.9,472932751
52.144.44.250,733552466
172.98.85.222,337030196
75.185.95.234,288842010
172.98.84.182,161437342
98.143.233.66,527691040
63.142.35.68,476121323
32.208.105.21,631476345
73.85.140.18,651496749
76.175.58.52,313295044
23.28.176.133,844419740
45.63.71.231,959722599
71.113.46.155,124027128
108.92.69.59,107571516
98.102.88.42,490253155
72.23.224.233,389248899
68.9.66.164,675100623
209.129.241.52,594837724
96.57.65.98,902711932
73.236.78.47,839863329
170.135.176.108,315360904
174.16.123.244,724281981
173.88.65.163,481658753
108.230.124.237,531630195
128.172.48.108,674600633
24.38.164.117,308757053
172.101.51.97,810596605
73.26.59.176,204512026
162.220.221.43,298322535
107.77.208.137,332611826
198.184.147.58,251860302
76.169.104.88,537392730
76.182.93.129,673312200
69.228.4.226,956377069
75.128.178.16,365361532
104.15.77.17,884242079
71.148.8.136,199883652
195.21.136.161,860612831
160.87.89.243,972576418
24.143.116.102,676806001
50.26.132.28,199374039
12.232.28.3,171336721
24.163.109.109,757424791
75.128.183.238,209053662
174.71.228.88,509536122
174.61.192.38,695643350
108.188.120.210,687869962
174.61.192.38,667221543
98.93.231.175,296274564
205.182.132.23,765100349
107.199.197.44,821372098
68.1.188.175,325213003
69.146.228.141,711538688
199.244.49.67,212565021
64.132.107.3,840688082
69.193.201.90,711349299
98.230.118.83,929308938
161.181.253.20,711542313
73.12.211.138,719613526
12.15.83.226,856212510
12.219.73.130,350744401
174.53.245.185,647032073
32.214.224.208,516303294
68.198.72.15,453498344
172.98.98.238,162488312
50.247.74.117,113555933
107.77.235.159,843538511
24.43.253.238,506831475
204.116.23.213,594479226
68.14.130.147,618971228
170.47.4.2,495085721
108.5.251.59,859457247
54.240.196.169,754254543
76.218.215.136,221008461
137.200.0.106,441299380
170.224.48.7,245285221
69.95.97.179,246618172
75.109.31.38,677051208
47.196.215.29,729529906
99.58.45.170,858573327
96.89.126.85,369775247
108.92.36.152,429814255
24.247.188.225,664144995
216.169.216.1,514234091
138.128.130.73,751446771
100.34.67.254,331230937
158.222.137.168,510472162
173.94.197.184,644837827
72.36.44.162,702108860
172.56.35.222,937642854
50.180.181.51,137897065
68.119.225.94,671558517
208.104.48.84,117199080
99.26.148.250,148211014
162.72.228.126,416351183
38.77.17.254,269516864
50.32.117.52,811670495
99.206.153.83,621551484
107.199.239.29,638574870
24.253.127.82,706260952
47.222.38.132,484934804
96.19.102.162,890352035
184.150.236.67,596311963
68.37.242.114,947054197
184.13.110.42,511176811
129.2.181.80,366969430
199.107.16.132,969286451
24.126.87.128,669015168
132.177.224.198,157734935
96.33.110.130,588121111
204.8.148.48,220210568
71.85.0.43,992812992
98.167.5.33,225833754
96.83.111.49,349808348
70.63.158.14,797966759
73.41.134.40,162783160
71.61.8.115,223933130
71.85.0.43,607285887
74.218.116.226,391961244
174.102.16.120,198403306
71.244.203.94,563061135
128.59.136.236,743219988
188.210.5.33,179114411
23.24.21.113,538576467
38.98.140.67,782480846
173.187.224.57,641085741
166.82.224.63,478395725
65.255.141.130,928459865
96.237.237.214,700790935
206.212.109.211,177505434
66.110.229.225,897703310
50.58.210.13,567034740
104.243.37.106,146221028
66.87.114.21,921896008
84.26.133.104,114327412
98.168.47.250,474181263
75.170.178.150,696344022
74.197.174.11,815636848
73.61.22.243,112446723
190.104.209.230,146903157
72.174.11.120,991078916
71.86.62.88,678114415
172.58.14.172,832736911
71.60.140.59,413373815
75.132.108.44,498868941
75.75.71.146,142451415
73.163.0.129,398180433
45.46.83.230,771453282
209.37.105.2,307442538
108.26.42.66,263753672
66.192.173.6,924852549
173.25.148.197,314680119
173.71.80.94,680810948
68.187.251.141,795879234
24.216.79.28,101245972
184.59.217.192,559107061
192.42.116.16,469238382
162.192.176.6,442662143
64.79.159.106,437648509
47.36.12.23,129154794
187.190.20.204,580491288
90.229.2.39,471893720
67.246.121.206,897112488
70.34.124.249,970867592
174.55.233.234,412977616
108.67.167.34,337158932
66.194.123.10,192633839
96.30.236.254,446925824
137.52.1.13,908903245
71.210.26.52,625966555
172.58.145.213,754762487
69.85.233.2,948665560
73.160.155.33,522955929
174.204.18.243,437626036
74.202.99.106,665354828
24.117.182.194,559151576
209.99.214.250,596239349
47.192.87.89,371699470
69.88.45.169,545981931
174.221.8.147,546226499
96.39.214.219,166294175
198.234.106.202,719447357
107.195.170.235,266910844
47.47.192.6,430352410
76.175.204.63,877689834
76.2.4.179,971458019
66.87.135.187,480240563
99.98.233.75,906924537
64.77.197.67,644489941
134.134.137.75,685532683
24.253.210.51,588100756
50.108.101.50,337147531
150.212.68.203,283862544
66.222.94.98,406475235
98.167.210.218,682712969
170.249.182.198,551348761
159.105.178.190,928437028
76.101.176.65,267488551
100.16.9.152,116967424
50.201.255.38,445175512
207.5.123.138,270228900
24.179.35.220,319247217
172.58.201.97,687512671
68.205.81.224,627356146
192.138.214.126,906723833
173.88.33.150,242320599
24.223.174.10,759865333
45.23.33.123,913120123
23.25.80.129,509765493
209.210.153.196,335126776
50.48.63.177,613503849
76.203.197.216,398290909
73.236.53.103,284377581
73.175.179.148,685770679
199.245.156.254,330522728
190.66.55.124,274740850
184.53.33.49,594378958
76.124.48.31,180628542
24.199.32.210,137476293
107.4.70.22,345146589
155.178.180.11,227532057
108.28.6.57,508183814
98.118.137.134,212066098
204.169.81.233,393740691
73.168.73.12,961300561
73.94.69.239,213242476
71.171.12.150,564716563
71.237.52.146,465876639
68.55.121.19,586511561
66.87.152.63,810283312
173.21.150.3,585924458
74.69.68.127,519869803
69.146.235.202,300137518
98.25.212.133,278114131
50.149.151.158,845923490
173.49.88.64,476998358
207.5.123.138,127954807
68.32.180.15,265440368
24.95.54.150,400982512
67.251.214.64,627923383
47.33.196.144,364554211
98.232.189.36,265811474
24.123.91.30,868091285
8.35.5.59,939248767
73.136.75.39,374140823
76.28.128.115,926390204
66.87.81.250,963057076
67.251.214.64,763014589
96.30.252.34,873880096
50.175.65.136,129526277
73.149.116.253,490474663
68.9.162.54,607323655
108.87.22.221,244402134
174.204.9.117,468918935
110.44.121.2,962914241
108.239.30.39,962672524
24.106.56.158,340913061
192.158.48.90,230274303
70.187.151.183,699437251
50.82.250.94,747529456
24.29.205.112,807102470
104.229.237.190,121271677
45.63.9.219,636520059
50.252.132.35,293277994
195.21.136.161,536467494
50.53.157.166,297951673
142.234.73.90,749554872
24.101.161.10,175800620
104.200.154.38,743300870
69.243.201.143,555992115
72.229.132.205,286678038
199.227.115.67,255334950
72.196.116.201,296868244
75.130.61.106,233636975
199.36.82.224,447118311
68.200.91.147,416904791
174.17.32.89,766848032
140.254.70.167,541504224
140.254.70.167,716824269
199.245.156.254,679842817
72.87.127.106,179323813
100.4.49.215,257697877
152.23.166.15,476297590
24.56.119.67,404843904
73.240.159.100,864991820
174.48.248.223,214146647
173.89.173.27,150706905
24.56.119.67,188972451
47.222.38.132,178003564
136.32.71.183,313386011
73.150.39.186,407130948
100.0.221.133,192414684
206.169.119.178,726381652
50.125.166.34,954286596
66.44.163.98,171154550
190.39.39.255,451041485
66.231.9.215,557704306
173.16.13.236,673934867
190.60.34.218,737748404
76.92.141.50,749537706
164.116.126.175,683055467
73.114.21.53,789734333
172.56.29.171,668191997
73.239.209.69,975332628
24.5.188.202,845093797
50.193.178.82,704831897
107.5.19.177,221603000
68.202.139.23,258019623
68.186.140.241,975513990
24.59.2.164,858178727
108.183.209.215,153245961
192.180.90.57,395057970
204.126.132.241,534511957
47.33.110.66,147290481
162.211.121.122,357884402
73.237.165.2,602442377
76.119.102.50,484197183
67.189.26.60,547744269
208.72.180.21,273401266
128.210.120.210,440176668
174.48.153.206,707203716
24.95.54.150,112411405
73.9.7.51,672647964
108.193.242.22,586651149
76.229.244.207,530054915
108.234.3.119,524643367
50.49.145.205,254014446
72.89.30.250,560640171
72.89.30.250,681207739
174.68.66.188,856027939
73.96.104.189,311504089
100.12.208.250,890708583
47.150.65.25,125856095
74.84.106.42,720092497
208.102.173.26,876494557
73.33.174.52,930160624
24.178.42.105,665783941
73.205.68.46,190392975
99.194.106.85,201005979
96.239.28.85,258704611
168.150.122.66,841800445
73.205.68.46,138506274
174.20.118.122,265082177
69.89.128.5,935147874
168.235.1.4,675151134
108.49.101.148,761911128
107.217.105.108,643291075
68.3.93.171,443842103
73.183.29.62,225066239
71.197.56.81,401298694
98.4.92.29,570091184
187.204.92.100,339811515
209.34.30.10,698483944
98.183.232.41,262712623
184.164.146.26,243137014
216.49.25.4,779504967
108.53.16.119,306220866
76.24.192.220,103276676
68.119.40.28,996844342
104.181.143.222,332989844
12.12.202.101,456607277
173.22.113.23,753770727
76.1.168.25,401680092
50.49.204.202,750770759
73.39.173.178,198131706
172.58.216.207,976232334
173.81.105.39,334108274
108.78.187.133,526750616
76.173.116.55,629649459
107.77.203.67,901953302
98.90.70.243,940918000
50.44.239.42,187187981
108.85.160.64,565603271
24.211.175.246,227297629
73.160.155.33,399725854
174.197.19.101,881813911
104.172.185.161,141371627
66.227.162.13,594786767
76.200.122.218,346093224
206.132.239.66,660425320
199.102.210.123,542674688
71.89.77.8,345919714
199.8.24.36,356149624
73.226.182.249,426602121
71.239.237.165,545392114
68.13.204.254,370912693
155.201.34.9,685913801
24.165.132.33,864616178
107.221.123.73,398703076
104.59.132.160,896119303
117.195.251.42,778678741
174.204.18.248,611667293
68.62.125.197,812494407
73.17.87.221,719234526
174.53.240.72,993993850
216.150.184.2,380486349
24.60.166.109,602204866
24.3.140.120,316056323
50.173.1.241,709982646
75.170.63.199,720821052
134.19.187.45,581391623
70.187.73.122,890968957
24.205.186.80,209506933
76.79.85.243,319614723
66.253.209.77,125079350
76.179.250.0,873460246
173.30.58.80,100282989
24.198.192.74,107259755
97.81.126.155,305728700
173.70.220.120,542005942
64.53.252.187,692890880
98.249.61.213,103634846
99.153.225.70,638321901
107.170.186.79,605802526
98.115.232.118,408624539
99.108.237.44,833475834
69.119.233.234,428088615
107.15.255.33,658535400
73.209.171.97,102789093
71.68.13.124,847059869
66.227.184.72,254804660
96.33.67.15,669438523
172.56.13.194,221859321
172.12.178.36,390319857
172.78.111.176,523106188
65.35.42.50,615522999
27.7.240.17,921506498
75.178.89.187,964690222
68.102.241.57,493678909
70.121.56.16,978696530
71.117.31.58,909749904
162.210.121.55,900059832
190.219.172.221,390001119
67.60.210.226,800101134
71.218.157.7,293824683
69.120.201.112,546387273
162.40.220.82,180840859
65.254.15.46,614624730
71.88.102.175,138506895
199.114.205.115,283911362
8.40.176.220,931161174
66.87.68.76,467801927
74.4.221.102,652576426
45.19.20.193,106486100
205.174.22.25,841041323
99.70.235.183,461318288
97.106.105.236,114385089
167.102.138.245,769837854
99.110.67.139,525962663
73.93.141.33,570887377
71.49.108.125,745297325
205.173.37.132,918996825
67.161.28.128,140127018
96.19.214.215,191929602
173.17.73.117,290291643
73.21.249.195,662827569
98.67.92.194,326903836
99.75.169.124,704723518
68.229.53.182,480803627
68.225.118.179,987225436
71.58.245.18,380291919
73.179.30.79,471195114
108.218.162.211,769309215
173.17.164.206,866372765
74.209.19.210,272328985
96.30.252.34,902706725
71.195.105.230,642498045
24.151.160.162,483820856
66.205.132.206,817088282
98.172.80.136,260465616
66.87.148.163,988711828
75.128.122.85,620291453
66.24.39.182,811339590
71.82.156.214,787539371
73.39.42.79,862261894
12.38.14.11,548998805
198.57.62.16,790795549
24.192.47.226,682682457
128.255.101.87,334275174
73.11.112.136,676529416
148.87.23.5,738859012
75.72.80.243,860238404
209.254.177.129,723494942
24.38.164.117,457620315
165.156.39.52,108372245
24.52.151.146,518250983
66.192.183.178,721771293
138.162.8.57,758713118
50.108.97.67,298277013
97.88.199.150,101300958
76.179.250.0,458151949
99.140.86.202,176299238
50.205.134.218,625036512
50.141.226.162,949920944
72.178.16.62,118500096
172.56.27.46,410852668
192.135.206.201,659435388
104.129.196.157,143481355
24.19.24.189,705964072
174.54.65.62,781454073
71.220.44.16,966884524
70.114.147.179,929875778
192.136.219.125,831798305
75.146.51.249,322147865
104.129.194.119,729647666
216.57.171.1,614188232
108.215.122.164,341407505
203.87.129.156,178570042
96.37.216.116,884234283
184.155.94.68,467552287
72.169.96.158,440682653
65.184.207.38,317404118
107.77.236.150,316124411
72.174.164.16,192037771
134.29.86.139,193023143
184.98.245.122,509441458
50.154.121.136,430499142
4.16.29.63,660435338
73.94.135.150,980114465
79.69.209.97,457749215
12.11.242.37,650567820
71.233.43.149,986426801
72.193.168.130,790302107
73.19.5.170,467358416
97.76.145.242,476074961
199.15.154.56,309798126
103.16.71.14,796128071
174.23.246.86,372787778
142.255.23.168,590111212
73.214.205.213,917189427
209.236.106.228,438466328
204.9.150.214,119813157
64.69.143.97,607205300
206.71.252.34,119644809
66.87.97.87,428904638
24.21.245.220,763074579
188.222.59.99,886716593
172.56.10.18,948258664
65.31.130.79,397017517
162.119.232.106,324676744
159.83.8.4,427867233
131.128.73.7,557876212
174.31.4.62,177027144
96.57.65.98,348828948
128.177.124.229,129881530
50.138.91.129,371965015
216.159.64.253,484136237
98.101.115.194,731633196
67.255.82.107,793959903
72.231.197.249,863871146
76.23.151.240,308766900
40.138.157.210,886236070
73.148.140.139,105414383
172.56.26.126,822590269
173.52.123.172,450860782
108.131.50.19,614023399
129.72.134.31,828954045
204.42.24.239,288020781
72.227.166.28,660725395
173.27.91.62,333676110
75.139.53.38,881075538
192.209.17.137,388349367
75.69.16.193,375565620
69.118.242.222,202699328
151.161.96.28,221947483
74.178.251.213,532505622
172.78.178.29,126088615
73.237.22.172,178683216
113.193.145.121,397078834
68.50.247.16,295954185
71.115.132.138,418623265
170.146.220.72,909166715
99.58.45.170,407310671
98.237.245.104,597579971
99.49.103.211,819435600
97.83.42.240,720003841
73.45.94.61,941103470
156.40.216.1,350285022
70.127.30.49,886365322
108.83.205.64,310974892
24.139.51.71,291491597
184.53.50.156,596157585
142.196.229.160,451443864
50.135.31.146,186540312
96.41.187.183,293876915
99.121.215.79,119367242
73.12.243.1,962494092
71.172.79.154,910876099
67.177.107.9,997728608
24.30.19.78,573597820
98.235.125.102,540018177
216.47.38.171,657106246
50.30.114.12,391764692
174.54.175.58,446215404
24.197.156.5,915152517
72.184.188.152,935781766
73.154.92.99,794468371
173.219.141.170,573303814
68.229.82.24,401029758
167.64.57.10,126027112
73.95.129.169,503056862
192.101.174.126,366262685
69.255.37.57,309277655
198.24.228.2,624467715
207.180.172.9,775466925
192.231.86.240,150912351
173.24.62.178,294434001
12.39.123.5,834727685
74.221.181.232,349761087
98.249.11.178,934612726
73.185.229.225,800138849
199.241.238.65,238951358
140.180.246.44,199785977
71.169.122.138,815266760
66.87.125.252,236807047
207.140.21.2,214948220
208.95.51.24,679136515
173.94.101.247,187164234
45.36.25.113,920020560
67.14.242.209,426723812
12.28.35.50,306285278
174.199.4.184,935986750
108.24.174.154,841191773
107.77.196.211,697890603
75.17.239.125,183188545
71.174.255.162,449516797
108.200.188.233,550005532
174.54.106.111,476491193
75.86.156.66,422805271
107.1.203.70,933037575
173.216.104.84,584293823
172.58.14.244,354094333
73.210.80.186,441339869
152.26.180.39,173180140
69.137.223.75,369898798
67.185.179.49,121921861
108.4.181.22,680528613
96.232.116.109,209943287
195.21.136.161,694998305
98.122.108.168,770732247
162.2.91.105,915739743
75.133.166.167,557515163
75.115.4.216,971220433
66.146.73.90,379820144
23.113.107.149,255388040
107.213.216.165,196943846
65.128.72.160,433161108
107.137.132.222,405860257
77.234.41.182,298905706
205.145.16.4,926950760
209.65.14.152,510527945
216.164.56.88,687621965
71.176.192.67,944181156
173.16.177.221,368157708
69.174.87.172,771186110
24.102.157.57,657292666
192.154.15.18,739652989
174.24.228.137,205790780
64.246.215.5,790060226
50.170.151.14,734401954
172.78.241.140,220275906
173.93.7.244,999902456
206.51.203.238,906250213
184.6.42.165,754428097
88.202.181.10,458860385
12.219.73.130,176932383
107.13.34.213,118021459
5.1.5.232,167929152
173.46.76.139,920156991
73.39.40.216,937056229
137.148.67.29,409804415
107.197.127.74,572687204
174.53.4.82,551318100
96.236.115.110,571378420
204.58.223.4,213632570
67.2.58.48,285973878
45.63.71.231,534642852
73.163.230.211,310179755
172.88.168.251,696544025
158.91.3.211,348722255
71.29.80.225,153021691
97.84.30.41,301597789
103.57.83.124,587998117
70.98.147.12,837342863
98.116.104.198,646950056
142.255.14.3,214983207
204.84.217.250,670876023
97.123.203.160,152389624
38.104.189.46,900704701
136.62.88.68,811655280
104.162.71.49,574602501
70.44.79.119,288069828
76.14.177.129,588449669
100.8.246.44,454621693
40.128.68.8,337170153
71.172.79.154,241601278
100.2.96.242,925094033
76.23.194.14,290224497
73.31.183.136,211389311
24.112.91.98,391665723
40.137.49.170,508441164
75.64.74.68,332508312
24.231.243.135,588006975
108.56.232.67,858723952
50.252.193.85,353529661
99.162.201.58,162226809
24.188.132.202,722704707
174.55.233.234,437425743
172.56.35.222,554976613
157.182.121.176,272343783
208.87.235.180,241767572
184.14.143.7,665828643
104.12.64.7,938728364
65.216.78.188,437909885
96.39.94.110,735731167
23.126.177.129,116087795
74.83.126.10,239227993
24.184.66.8,690894490
73.184.47.20,690272142
108.35.138.213,175507241
23.24.195.61,381357565
76.21.241.242,777095545
184.91.139.179,276514517
96.245.23.113,510575545
162.233.180.18,829293405
65.254.15.46,624047252
172.115.162.203,893291292
158.96.4.13,546696275
216.158.123.36,554045432
75.102.79.190,399359958
198.244.16.2,796368673
70.34.124.249,378801973
71.230.37.237,581452192
104.245.132.51,497438822
198.85.229.3,259544733
138.59.24.136,714719418
50.134.199.61,486205238
75.170.178.150,985435305
50.126.150.12,244389653
128.104.211.73,852148908
71.80.151.109,138732289
50.26.48.55,107320043
75.117.51.21,549031475
71.195.168.200,384760354
64.107.42.155,156350950
172.91.202.65,247396056
73.207.49.32,632512845
97.106.166.178,267010037
69.29.63.97,364026282
70.112.174.247,969064911
72.78.251.41,572211592
68.205.81.224,852526229
75.70.25.112,213001658
68.205.81.224,943806311
45.23.33.123,853675168
50.180.181.51,327992804
192.138.214.126,303492027
76.124.48.31,702690318
68.9.162.54,645997362
66.87.153.242,679326293
68.55.121.19,649666187
76.182.93.129,202052580
73.175.179.148,968553773
73.75.208.147,306196631
67.186.38.231,977961094
65.27.17.174,122212118
73.175.161.96,118221614
71.171.12.150,210532939
107.140.191.176,465081120
172.5.83.226,158992204
96.57.65.98,880631718
100.38.116.120,469174438
73.38.77.22,407531224
71.197.116.253,562664877
75.172.191.56,413141846
130.16.2.13,824878800
208.186.60.70,688347189
71.237.52.146,669691600
174.110.80.149,208946374
165.134.212.59,362290277
172.56.13.149,934660504
103.57.83.124,906916002
64.85.130.68,862770489
63.243.37.162,737443104
107.203.230.124,665761627
68.41.8.110,540074936
107.0.71.194,367749540
12.219.73.130,297386033
63.143.201.251,205615728
207.250.113.16,581820948
72.174.145.205,633177013
172.249.40.115,416373739
73.175.43.187,458115812
172.58.3.67,275448943
205.155.237.66,102840484
73.237.217.0,935023508
73.140.60.102,390289656
45.37.114.63,495714334
73.163.108.16,936701724
184.59.20.98,869841969
50.172.235.8,969610301
198.203.181.181,752529338
73.40.11.114,277928504
173.188.72.33,235663280
73.70.3.40,618848070
73.250.178.197,959594123
208.54.44.163,271342543
76.115.66.82,797764409
24.63.236.102,364121509
112.207.47.215,719795465
75.139.172.59,932024688
205.197.242.164,752183066
198.51.51.2,886046587
73.173.34.165,156452647
67.176.16.156,533704023
75.63.25.219,740634046
172.56.14.65,171537871
75.174.146.116,554648885
108.84.28.143,209681714
74.102.15.38,194588481
66.250.143.158,778980103
64.183.189.45,448513806
24.41.243.6,915375089
45.50.24.202,546548505
173.46.78.174,349812089
76.106.222.118,185043903
163.6.12.43,321853422
24.245.19.12,939612897
97.99.11.161,483559797
50.110.212.218,666484548
74.85.203.27,483065398
69.119.198.16,424171557
73.183.29.62,279367766
70.196.145.189,546556443
192.230.185.145,345164369
172.75.18.73,434475337
206.128.72.250,317591182
98.7.88.139,231516224
192.104.127.18,178339647
73.137.19.51,972880738
98.210.228.117,164981110
71.14.75.94,118246998
96.245.23.113,218448463
32.215.211.55,996075405
69.54.18.30,690750243
98.197.200.207,666004735
173.31.72.220,315367964
173.49.246.139,414659469
68.114.126.189,687993413
99.59.221.212,985369112
199.46.196.151,795890183
73.61.13.72,443237887
71.226.54.205,434618289
70.63.186.68,157427793
50.83.221.105,511178733
68.3.3.147,637900771
71.30.42.205,146486108
45.52.114.52,270962791
173.53.41.188,127131711
98.160.203.207,910942110
68.201.85.157,326473746
96.30.236.254,115720252
98.4.100.242,563064577
216.150.184.2,557353935
98.167.73.67,790617652
63.155.38.118,457982714
68.119.197.106,234880989
99.104.32.175,604860184
71.207.72.106,443774624
73.200.99.30,593654613
107.77.199.188,517603914
74.69.68.127,188806750
76.98.115.207,329761674
65.35.42.50,293012432
65.88.88.24,714051783
47.184.41.254,917592868
50.167.159.179,153391628
73.31.168.28,360118272
131.107.147.161,286265644
69.243.201.143,775188024
71.173.26.180,331652666
107.77.197.5,687551579
76.23.194.14,286360214
195.21.136.161,552333206
4.59.86.122,565427303
174.237.3.17,320130061
195.21.136.161,487437704
170.184.45.70,130984782
216.96.214.243,241658401
24.129.73.247,335796919
69.204.146.62,983989520
195.21.136.161,319466407
35.10.161.161,270236702
204.111.108.120,259914844
45.4.33.73,569422249
24.60.104.145,330100045
134.48.160.78,113133824
174.194.6.224,325800479
204.89.74.141,107781384
24.60.104.145,229271847
8.35.120.60,389506426
65.254.28.131,545226677
137.45.55.151,642029156
205.209.237.35,946436208
198.74.88.200,961460938
73.246.232.193,713352297
76.20.27.116,934012260
100.35.185.64,294798709
70.167.181.227,149395554
130.91.77.65,141542342
107.77.207.190,271122205
96.87.81.97,216060960
72.193.168.130,740301866
107.77.172.22,292482288
107.1.244.2,427063150
72.4.31.56,927988126
46.164.131.86,928365784
159.118.194.35,891547803
128.231.234.62,114478538
97.126.192.59,631464063
74.109.198.32,842822446
173.63.75.215,980068363
74.138.54.88,582590996
108.230.124.237,600267033
73.152.88.248,585524159
100.11.248.31,856030879
172.4.44.224,615846102
66.153.84.190,956718122
71.11.141.21,658143396
146.245.180.84,764611268
24.3.177.165,141610378
97.106.166.178,553623089
76.219.172.189,982511133
70.183.177.210,355561718
98.95.191.123,968962364
24.99.192.173,988085985
69.51.65.146,207748372
68.57.126.231,259932791
107.77.200.85,418398260
172.126.182.153,426048765
66.87.81.192,884336342
50.185.126.75,609460268
173.168.87.102,707457724
50.253.41.74,728687403
71.42.73.244,542368937
72.9.25.55,200286733
173.91.222.80,557700882
76.17.182.95,668234549
184.53.50.9,289001145